"","min","Q.1","median","mean","Q.3","max","Tree","Picture","SourceFile","FileName","ImageWidth","ImageHeight","CreateDate"
"1",1182,1408.2,2519.4,2295.04864864865,3103.8,3144.6,1,1,"IMAG0001.JPG","IMAG0001.JPG",3648,2736,"2019:09:10 08:30:37"
"2",2404.8,2515.35,2968.8,2979.17368421053,3407.1,3568.8,2,1,"IMAG0001.JPG","IMAG0001.JPG",3648,2736,"2019:09:10 08:30:37"
"3",2657.4,2850.15,3057.3,3218.95135135135,3432.9,5004.6,3,1,"IMAG0001.JPG","IMAG0001.JPG",3648,2736,"2019:09:10 08:30:37"
"4",1196.4,1488.6,2403,2290.57297297297,3060,3379.2,1,2,"IMAG0002.JPG","IMAG0002.JPG",3648,2736,"2019:09:10 08:30:56"
"5",2453.4,2513.85,2899.2,2928.26842105263,3290.4,3518.4,2,2,"IMAG0002.JPG","IMAG0002.JPG",3648,2736,"2019:09:10 08:30:56"
"6",2808,2933.85,3150,3235.78378378378,3399,4696.2,3,2,"IMAG0002.JPG","IMAG0002.JPG",3648,2736,"2019:09:10 08:30:56"
"7",1240.8,1481.4,2338.2,2261.52972972973,3004.2,3195.6,1,3,"IMAG0003.JPG","IMAG0003.JPG",3648,2736,"2019:09:10 08:31:11"
"8",2400.6,2525.85,2947.5,2955.53684210526,3383.1,3515.4,2,3,"IMAG0003.JPG","IMAG0003.JPG",3648,2736,"2019:09:10 08:31:11"
"9",2998.8,3113.55,3191.4,3316.48378378378,3475.35,4386,3,3,"IMAG0003.JPG","IMAG0003.JPG",3648,2736,"2019:09:10 08:31:11"
"10",1364.4,1546.2,2362.8,2318.48108108108,3074.4,3185.4,1,4,"IMAG0004.JPG","IMAG0004.JPG",3648,2736,"2019:09:10 08:31:23"
"11",2493,2550.6,2855.4,2912.06842105263,3263.85,3454.8,2,4,"IMAG0004.JPG","IMAG0004.JPG",3648,2736,"2019:09:10 08:31:23"
"12",2878.2,3091.65,3164.7,3279.89189189189,3392.85,4513.2,3,4,"IMAG0004.JPG","IMAG0004.JPG",3648,2736,"2019:09:10 08:31:23"
"13",1544.4,2434.2,3355.8,2928.21081081081,3477.6,3751.8,1,5,"IMAG0005.JPG","IMAG0005.JPG",3648,2736,"2019:09:10 10:30:35"
"14",2298,2435.4,2497.8,2563.05789473684,2629.05,2942.4,2,5,"IMAG0005.JPG","IMAG0005.JPG",3648,2736,"2019:09:10 10:30:35"
"15",1433.4,1813.35,2190.9,2287.58108108108,2856.15,3219,3,5,"IMAG0005.JPG","IMAG0005.JPG",3648,2736,"2019:09:10 10:30:35"
"16",2008.2,2307,2352,2374.73513513514,2528.4,2688,1,6,"IMAG0006.JPG","IMAG0006.JPG",3648,2736,"2019:09:10 12:30:35"
"17",1734.6,1819.35,1943.4,1981.07368421053,2110.95,2460.6,2,6,"IMAG0006.JPG","IMAG0006.JPG",3648,2736,"2019:09:10 12:30:35"
"18",1956.6,2283.45,2414.4,2509.87297297297,2858.7,3064.2,3,6,"IMAG0006.JPG","IMAG0006.JPG",3648,2736,"2019:09:10 12:30:35"
"19",1521,1611,2310,2296.8972972973,2922.6,3205.2,1,7,"IMAG0007.JPG","IMAG0007.JPG",3648,2736,"2019:09:10 14:30:35"
"20",2254.8,2377.05,2558.7,2537.16315789474,2686.05,2800.8,2,7,"IMAG0007.JPG","IMAG0007.JPG",3648,2736,"2019:09:10 14:30:35"
"21",2826.6,3208.35,3384.9,3377.47297297297,3540.75,3821.4,3,7,"IMAG0007.JPG","IMAG0007.JPG",3648,2736,"2019:09:10 14:30:35"
"22",1840.2,2317.2,2467.8,2593.57297297297,2980.8,3307.8,1,8,"IMAG0008.JPG","IMAG0008.JPG",3648,2736,"2019:09:10 16:30:35"
"23",2404.8,2586.3,2802.6,2734.75263157895,2888.55,2955,2,8,"IMAG0008.JPG","IMAG0008.JPG",3648,2736,"2019:09:10 16:30:35"
"24",2783.4,3061.65,3216,3243.6972972973,3427.8,3850.8,3,8,"IMAG0008.JPG","IMAG0008.JPG",3648,2736,"2019:09:10 16:30:35"
"25",2232,2711.4,3028.8,2995.05405405405,3318.6,3801,1,9,"IMAG0009.JPG","IMAG0009.JPG",3648,2736,"2019:09:10 18:30:36"
"26",2977.2,3118.8,3221.1,3198.78947368421,3282.15,3361.2,2,9,"IMAG0009.JPG","IMAG0009.JPG",3648,2736,"2019:09:10 18:30:36"
"27",2998.8,3130.65,3173.4,3194.39189189189,3271.05,3396,3,9,"IMAG0009.JPG","IMAG0009.JPG",3648,2736,"2019:09:10 18:30:36"
"28",2491.2,2997.6,3086.4,3148.13513513513,3388.2,3994.8,1,10,"IMAG0010.JPG","IMAG0010.JPG",3648,2736,"2019:09:10 20:30:37"
"29",1296.6,1754.1,1844.7,1788.48947368421,1895.25,1962.6,2,10,"IMAG0010.JPG","IMAG0010.JPG",3648,2736,"2019:09:10 20:30:37"
"30",1509,1610.7,1736.1,1760.74864864865,1868.85,2125.8,3,10,"IMAG0010.JPG","IMAG0010.JPG",3648,2736,"2019:09:10 20:30:37"
"31",2518.2,2943.6,3061.8,3096.89189189189,3195.6,3771.6,1,11,"IMAG0011.JPG","IMAG0011.JPG",3648,2736,"2019:09:10 22:30:36"
"32",1638.6,1828.5,1991.1,2044.10526315789,2302.65,2447.4,2,11,"IMAG0011.JPG","IMAG0011.JPG",3648,2736,"2019:09:10 22:30:36"
"33",1261.8,1413.15,1481.7,1529.10810810811,1694.7,1838.4,3,11,"IMAG0011.JPG","IMAG0011.JPG",3648,2736,"2019:09:10 22:30:36"
"34",2748,3115.2,3263.4,3321.63243243243,3532.2,4019.4,1,12,"IMAG0012.JPG","IMAG0012.JPG",3648,2736,"2019:09:11 00:30:36"
"35",1198.8,1444.05,1600.2,1578.71052631579,1725.9,1845.6,2,12,"IMAG0012.JPG","IMAG0012.JPG",3648,2736,"2019:09:11 00:30:36"
"36",1300.2,1348.95,1561.2,1540.16756756757,1654.05,1911,3,12,"IMAG0012.JPG","IMAG0012.JPG",3648,2736,"2019:09:11 00:30:36"
"37",2313,2808.6,3013.2,3035.33513513514,3265.8,3834.6,1,13,"IMAG0013.JPG","IMAG0013.JPG",3648,2736,"2019:09:11 02:30:36"
"38",1764.6,1940.7,2112.6,2115.86842105263,2266.05,2513.4,2,13,"IMAG0013.JPG","IMAG0013.JPG",3648,2736,"2019:09:11 02:30:36"
"39",1526.4,1621.5,1857.9,1963.33783783784,2240.25,2943.6,3,13,"IMAG0013.JPG","IMAG0013.JPG",3648,2736,"2019:09:11 02:30:36"
"40",2391.6,2833.2,3082.8,3101.18918918919,3313.2,4000.2,1,14,"IMAG0014.JPG","IMAG0014.JPG",3648,2736,"2019:09:11 04:30:36"
"41",1676.4,2067.75,2309.4,2310.78947368421,2578.65,2889,2,14,"IMAG0014.JPG","IMAG0014.JPG",3648,2736,"2019:09:11 04:30:36"
"42",1888.2,2056.5,2172.9,2274.44594594595,2499.6,2840.4,3,14,"IMAG0014.JPG","IMAG0014.JPG",3648,2736,"2019:09:11 04:30:36"
"43",1524,2151.6,2964,2611.88108108108,3106.2,3195,1,15,"IMAG0015.JPG","IMAG0015.JPG",3648,2736,"2019:09:11 06:30:35"
"44",2649.6,2853,3036.6,3081.33157894737,3394.8,3490.2,2,15,"IMAG0015.JPG","IMAG0015.JPG",3648,2736,"2019:09:11 06:30:35"
"45",2407.8,2478.6,2680.2,2710.15135135135,2815.65,3553.8,3,15,"IMAG0015.JPG","IMAG0015.JPG",3648,2736,"2019:09:11 06:30:35"
"46",1614.6,2266.8,2944.2,2716.91351351351,3226.2,3402.6,1,16,"IMAG0016.JPG","IMAG0016.JPG",3648,2736,"2019:09:11 08:30:35"
"47",2096.4,2282.4,2436.6,2440.04210526316,2561.55,3061.8,2,16,"IMAG0016.JPG","IMAG0016.JPG",3648,2736,"2019:09:11 08:30:35"
"48",2117.4,2414.85,2592,2620.08648648649,2782.95,3484.8,3,16,"IMAG0016.JPG","IMAG0016.JPG",3648,2736,"2019:09:11 08:30:35"
"49",107.4,1293,1893.6,1863.64864864865,2227.8,3901.2,1,17,"IMAG0017.JPG","IMAG0017.JPG",3648,2736,"2019:09:11 09:09:31"
"50",1952.4,2184.6,2252.4,2248.5,2322.3,2493.6,2,17,"IMAG0017.JPG","IMAG0017.JPG",3648,2736,"2019:09:11 09:09:31"
"51",1452,1547.85,1926.3,1979.03513513514,2165.7,3585.6,3,17,"IMAG0017.JPG","IMAG0017.JPG",3648,2736,"2019:09:11 09:09:31"
"52",624.6,1521,2143.8,2123.9027027027,2657.4,3258.6,1,18,"IMAG0018.JPG","IMAG0018.JPG",3648,2736,"2019:09:11 09:13:33"
"53",1868.4,1927.2,2058,2143.08947368421,2330.4,2710.8,2,18,"IMAG0018.JPG","IMAG0018.JPG",3648,2736,"2019:09:11 09:13:33"
"54",1569,1875.6,2492.1,2436.48648648649,2905.2,3478.8,3,18,"IMAG0018.JPG","IMAG0018.JPG",3648,2736,"2019:09:11 09:13:33"
"55",2260.8,2689.8,3047.4,2990.3027027027,3356.4,3537,1,19,"IMAG0019.JPG","IMAG0019.JPG",3648,2736,"2019:09:11 10:30:36"
"56",2212.2,2273.4,2378.1,2390.98421052632,2471.4,2619.6,2,19,"IMAG0019.JPG","IMAG0019.JPG",3648,2736,"2019:09:11 10:30:36"
"57",2432.4,2587.95,2728.8,2909.48918918919,3257.55,3717.6,3,19,"IMAG0019.JPG","IMAG0019.JPG",3648,2736,"2019:09:11 10:30:36"
"58",2549.4,2968.8,3154.8,3198.06486486486,3318.6,3892.8,1,20,"IMAG0020.JPG","IMAG0020.JPG",3648,2736,"2019:09:11 12:30:36"
"59",2192.4,2242.35,2388,2392.12105263158,2547.9,2607,2,20,"IMAG0020.JPG","IMAG0020.JPG",3648,2736,"2019:09:11 12:30:36"
"60",2766.6,2961.6,3082.5,3122.36756756757,3352.05,3470.4,3,20,"IMAG0020.JPG","IMAG0020.JPG",3648,2736,"2019:09:11 12:30:36"
"61",2592.6,2911.8,3109.8,3157.44324324324,3373.8,3781.2,1,21,"IMAG0021.JPG","IMAG0021.JPG",3648,2736,"2019:09:11 14:30:35"
"62",2353.8,2415.9,2551.5,2542.27894736842,2643.3,2827.8,2,21,"IMAG0021.JPG","IMAG0021.JPG",3648,2736,"2019:09:11 14:30:35"
"63",2185.8,2519.25,2646.9,2696.32702702703,2939.7,3140.4,3,21,"IMAG0021.JPG","IMAG0021.JPG",3648,2736,"2019:09:11 14:30:35"
"64",1222.8,1959.6,2685.6,2627.41621621622,3422.4,3603,1,22,"IMAG0022.JPG","IMAG0022.JPG",3648,2736,"2019:09:11 16:30:35"
"65",2196,2218.5,2286.3,2337.25263157895,2470.65,2523,2,22,"IMAG0022.JPG","IMAG0022.JPG",3648,2736,"2019:09:11 16:30:35"
"66",2239.8,2452.5,2572.2,2618.45675675676,2788.65,3154.8,3,22,"IMAG0022.JPG","IMAG0022.JPG",3648,2736,"2019:09:11 16:30:35"
"67",1833,2134.8,2643.6,2626.28108108108,3108,3448.8,1,23,"IMAG0023.JPG","IMAG0023.JPG",3648,2736,"2019:09:11 18:30:36"
"68",2700.6,2776.8,3044.7,3023.49473684211,3196.2,3392.4,2,23,"IMAG0023.JPG","IMAG0023.JPG",3648,2736,"2019:09:11 18:30:36"
"69",2062.2,2229.15,2395.2,2442.04054054054,2645.1,2980.8,3,23,"IMAG0023.JPG","IMAG0023.JPG",3648,2736,"2019:09:11 18:30:36"
"70",2431.8,2879.4,3094.8,3009.37297297297,3197.4,3349.8,1,24,"IMAG0024.JPG","IMAG0024.JPG",3648,2736,"2019:09:11 20:30:36"
"71",1588.2,2072.85,2480.1,2356.26315789474,2629.5,2796.6,2,24,"IMAG0024.JPG","IMAG0024.JPG",3648,2736,"2019:09:11 20:30:36"
"72",1598.4,1991.7,2074.5,2096.44864864865,2224.5,2491.8,3,24,"IMAG0024.JPG","IMAG0024.JPG",3648,2736,"2019:09:11 20:30:36"
"73",2204.4,2766.6,3070.8,2968.52432432432,3258,3409.2,1,25,"IMAG0025.JPG","IMAG0025.JPG",3648,2736,"2019:09:11 22:30:36"
"74",1690.2,1856.85,2411.1,2214.31578947368,2469.9,2576.4,2,25,"IMAG0025.JPG","IMAG0025.JPG",3648,2736,"2019:09:11 22:30:36"
"75",1383.6,1857.75,1910.1,1907.78108108108,2037.9,2200.2,3,25,"IMAG0025.JPG","IMAG0025.JPG",3648,2736,"2019:09:11 22:30:36"
"76",2447.4,2857.2,3099.6,3051.04864864865,3252.6,3576.6,1,26,"IMAG0026.JPG","IMAG0026.JPG",3648,2736,"2019:09:12 00:30:36"
"77",2200.8,2658.15,2736,2711.77894736842,2784.3,2950.8,2,26,"IMAG0026.JPG","IMAG0026.JPG",3648,2736,"2019:09:12 00:30:36"
"78",1980,2118.15,2300.1,2315.99189189189,2472.9,3032.4,3,26,"IMAG0026.JPG","IMAG0026.JPG",3648,2736,"2019:09:12 00:30:36"
"79",2629.8,3071.4,3268.2,3234.47027027027,3384,4048.2,1,27,"IMAG0027.JPG","IMAG0027.JPG",3648,2736,"2019:09:12 02:30:37"
"80",1815.6,2199.3,2365.5,2367.26842105263,2604,2734.2,2,27,"IMAG0027.JPG","IMAG0027.JPG",3648,2736,"2019:09:12 02:30:37"
"81",1763.4,2005.95,2220.6,2320.54864864865,2514.6,3225.6,3,27,"IMAG0027.JPG","IMAG0027.JPG",3648,2736,"2019:09:12 02:30:37"
"82",2466,2767.2,2967,3009.35675675676,3342.6,3817.8,1,28,"IMAG0028.JPG","IMAG0028.JPG",3648,2736,"2019:09:12 04:30:36"
"83",1734.6,2023.8,2211.3,2140.83157894737,2236.2,2352.6,2,28,"IMAG0028.JPG","IMAG0028.JPG",3648,2736,"2019:09:12 04:30:36"
"84",1728.6,2139.15,2229.9,2256.27567567568,2370,2776.8,3,28,"IMAG0028.JPG","IMAG0028.JPG",3648,2736,"2019:09:12 04:30:36"
"85",1510.2,1619.4,2637.6,2349.48648648649,2910.6,3037.2,1,29,"IMAG0029.JPG","IMAG0029.JPG",3648,2736,"2019:09:12 06:30:35"
"86",2394,2586.75,2857.5,2980.81578947368,3472.35,3559.2,2,29,"IMAG0029.JPG","IMAG0029.JPG",3648,2736,"2019:09:12 06:30:35"
"87",1936.8,2201.55,2346.6,2430.87567567568,2691,3051,3,29,"IMAG0029.JPG","IMAG0029.JPG",3648,2736,"2019:09:12 06:30:35"
"88",1203.6,1306.2,2284.2,2173.05405405405,2904.6,3102,1,30,"IMAG0030.JPG","IMAG0030.JPG",3648,2736,"2019:09:12 08:30:35"
"89",2430.6,2537.4,2555.1,2647.35789473684,2686.35,3250.8,2,30,"IMAG0030.JPG","IMAG0030.JPG",3648,2736,"2019:09:12 08:30:35"
"90",2652.6,2822.55,2917.5,2955.98108108108,3092.4,3318,3,30,"IMAG0030.JPG","IMAG0030.JPG",3648,2736,"2019:09:12 08:30:35"
"91",2360.4,2836.2,3071.4,3160.32972972973,3527.4,3976.2,1,31,"IMAG0031.JPG","IMAG0031.JPG",3648,2736,"2019:09:12 10:30:35"
"92",2215.2,2263.35,2317.2,2432.08421052632,2597.7,2824.2,2,31,"IMAG0031.JPG","IMAG0031.JPG",3648,2736,"2019:09:12 10:30:35"
"93",2607,2827.8,3022.2,3033.12972972973,3192.45,3457.8,3,31,"IMAG0031.JPG","IMAG0031.JPG",3648,2736,"2019:09:12 10:30:35"
"94",1535.4,1786.2,2536.2,2427.81081081081,3054,3427.8,1,32,"IMAG0032.JPG","IMAG0032.JPG",3648,2736,"2019:09:12 12:30:35"
"95",2323.2,2382.75,2430.6,2480.92105263158,2590.65,2747.4,2,32,"IMAG0032.JPG","IMAG0032.JPG",3648,2736,"2019:09:12 12:30:35"
"96",2664.6,2853.45,3155.1,3161.18108108108,3456.15,3633.6,3,32,"IMAG0032.JPG","IMAG0032.JPG",3648,2736,"2019:09:12 12:30:35"
"97",549.6,750,2241,1965.76216216216,2979,3254.4,1,33,"IMAG0033.JPG","IMAG0033.JPG",3648,2736,"2019:09:12 14:30:35"
"98",3093,3167.85,3254.4,3324.55263157895,3295.95,4330.2,2,33,"IMAG0033.JPG","IMAG0033.JPG",3648,2736,"2019:09:12 14:30:35"
"99",2393.4,2710.5,3013.5,3053.78918918919,3347.4,3777.6,3,33,"IMAG0033.JPG","IMAG0033.JPG",3648,2736,"2019:09:12 14:30:35"
"100",2536.8,2976,3232.2,3220.34594594595,3468,4095.6,1,34,"IMAG0034.JPG","IMAG0034.JPG",3648,2736,"2019:09:12 16:30:35"
"101",3362.4,3443.25,3501.3,3496.56315789474,3540.45,3666.6,2,34,"IMAG0034.JPG","IMAG0034.JPG",3648,2736,"2019:09:12 16:30:35"
"102",2755.8,3003.75,3185.7,3177.49459459459,3318.15,3982.2,3,34,"IMAG0034.JPG","IMAG0034.JPG",3648,2736,"2019:09:12 16:30:35"
"103",2569.8,2921.4,3142.2,3189.21081081081,3510,3943.8,1,35,"IMAG0035.JPG","IMAG0035.JPG",3648,2736,"2019:09:12 18:30:36"
"104",2971.2,3316.65,3393.9,3378.12631578947,3510.15,3589.2,2,35,"IMAG0035.JPG","IMAG0035.JPG",3648,2736,"2019:09:12 18:30:36"
"105",2589.6,2694.9,2763.6,2805.6972972973,2922.15,3138,3,35,"IMAG0035.JPG","IMAG0035.JPG",3648,2736,"2019:09:12 18:30:36"
"106",2827.2,3096,3167.4,3410.36756756757,3684.6,4518.6,1,36,"IMAG0036.JPG","IMAG0036.JPG",3648,2736,"2019:09:12 20:30:37"
"107",1255.8,1473.15,1628.1,1563.14210526316,1671.45,1749.6,2,36,"IMAG0036.JPG","IMAG0036.JPG",3648,2736,"2019:09:12 20:30:37"
"108",1513.8,1564.05,1625.4,1700.48108108108,1811.7,2187.6,3,36,"IMAG0036.JPG","IMAG0036.JPG",3648,2736,"2019:09:12 20:30:37"
"109",2327.4,2803.8,3028.2,2986.52432432432,3274.8,3567.6,1,37,"IMAG0037.JPG","IMAG0037.JPG",3648,2736,"2019:09:12 22:30:36"
"110",1650,1716,1735.8,1743.55263157895,1764.6,1867.8,2,37,"IMAG0037.JPG","IMAG0037.JPG",3648,2736,"2019:09:12 22:30:36"
"111",1510.2,1624.65,1767.3,1801.67027027027,1930.5,2250.6,3,37,"IMAG0037.JPG","IMAG0037.JPG",3648,2736,"2019:09:12 22:30:36"
"112",2319,2640.6,2973.6,2931.45405405405,3109.2,3718.2,1,38,"IMAG0038.JPG","IMAG0038.JPG",3648,2736,"2019:09:13 00:30:37"
"113",1902.6,1966.65,2018.4,2104.18421052632,2094.15,2662.2,2,38,"IMAG0038.JPG","IMAG0038.JPG",3648,2736,"2019:09:13 00:30:37"
"114",1767.6,1871.25,1932,1979.08378378378,2114.85,2279.4,3,38,"IMAG0038.JPG","IMAG0038.JPG",3648,2736,"2019:09:13 00:30:37"
"115",2125.8,2419.2,2832,2767.41081081081,2972.4,3417,1,39,"IMAG0039.JPG","IMAG0039.JPG",3648,2736,"2019:09:13 02:30:37"
"116",1839.6,2158.2,2246.4,2239.92631578947,2357.25,2558.4,2,39,"IMAG0039.JPG","IMAG0039.JPG",3648,2736,"2019:09:13 02:30:37"
"117",1517.4,1629.75,1830.3,1830.47837837838,2017.35,2156.4,3,39,"IMAG0039.JPG","IMAG0039.JPG",3648,2736,"2019:09:13 02:30:37"
"118",2460.6,2844,3018,2977.55675675676,3162,3422.4,1,40,"IMAG0040.JPG","IMAG0040.JPG",3648,2736,"2019:09:13 04:30:36"
"119",1418.4,1702.65,1927.5,1933.40526315789,2154.75,2484,2,40,"IMAG0040.JPG","IMAG0040.JPG",3648,2736,"2019:09:13 04:30:36"
"120",1737,1968,2034.9,2075.01891891892,2183.1,2514.6,3,40,"IMAG0040.JPG","IMAG0040.JPG",3648,2736,"2019:09:13 04:30:36"
"121",2350.2,2733,3124.2,3035.4,3330,3861,1,41,"IMAG0041.JPG","IMAG0041.JPG",3648,2736,"2019:09:13 06:30:35"
"122",2742.6,2771.25,2835.9,2851.37368421053,2938.35,2987.4,2,41,"IMAG0041.JPG","IMAG0041.JPG",3648,2736,"2019:09:13 06:30:35"
"123",2485.8,2638.5,2882.4,2947.50810810811,3401.1,3573.6,3,41,"IMAG0041.JPG","IMAG0041.JPG",3648,2736,"2019:09:13 06:30:35"
"124",1455,1795.2,2616.6,2368.34594594595,2798.4,3075.6,1,42,"IMAG0042.JPG","IMAG0042.JPG",3648,2736,"2019:09:13 08:30:34"
"125",2048.4,2185.95,2399.7,2386.65789473684,2557.8,2842.8,2,42,"IMAG0042.JPG","IMAG0042.JPG",3648,2736,"2019:09:13 08:30:34"
"126",2688,2917.05,3062.4,3133.57297297297,3314.25,3939.6,3,42,"IMAG0042.JPG","IMAG0042.JPG",3648,2736,"2019:09:13 08:30:34"
"127",1432.2,2301.6,2799.6,2573.12432432432,2893.8,3121.8,1,43,"IMAG0043.JPG","IMAG0043.JPG",3648,2736,"2019:09:13 10:30:35"
"128",1977,2125.8,2405.1,2348.00526315789,2562.6,2665.8,2,43,"IMAG0043.JPG","IMAG0043.JPG",3648,2736,"2019:09:13 10:30:35"
"129",1541.4,1606.2,2284.2,2387.94324324324,2920.8,3799.8,3,43,"IMAG0043.JPG","IMAG0043.JPG",3648,2736,"2019:09:13 10:30:35"
"130",1942.8,2745,2931,2938.00540540541,3369.6,3631.8,1,44,"IMAG0044.JPG","IMAG0044.JPG",3648,2736,"2019:09:13 12:30:35"
"131",1711.8,1911.6,2256.3,2169.45789473684,2449.05,2537.4,2,44,"IMAG0044.JPG","IMAG0044.JPG",3648,2736,"2019:09:13 12:30:35"
"132",1842.6,2097.15,2229.9,2262.26756756757,2395.5,2850,3,44,"IMAG0044.JPG","IMAG0044.JPG",3648,2736,"2019:09:13 12:30:35"
"133",1072.2,1721.4,2611.2,2486.18918918919,3312,3439.8,1,45,"IMAG0045.JPG","IMAG0045.JPG",3648,2736,"2019:09:13 14:30:35"
"134",2656.2,2869.2,3017.7,3001.5,3137.85,3219,2,45,"IMAG0045.JPG","IMAG0045.JPG",3648,2736,"2019:09:13 14:30:35"
"135",2633.4,3001.95,3097.8,3148.37837837838,3399.45,3582.6,3,45,"IMAG0045.JPG","IMAG0045.JPG",3648,2736,"2019:09:13 14:30:35"
"136",2174.4,2596.2,3064.2,2983.65405405405,3342.6,3802.2,1,46,"IMAG0046.JPG","IMAG0046.JPG",3648,2736,"2019:09:13 16:30:35"
"137",3109.8,3242.4,3351.9,3350.35263157895,3483.15,3528,2,46,"IMAG0046.JPG","IMAG0046.JPG",3648,2736,"2019:09:13 16:30:35"
"138",2814,2955.45,3148.8,3165.01621621622,3285.15,4203,3,46,"IMAG0046.JPG","IMAG0046.JPG",3648,2736,"2019:09:13 16:30:35"
"139",2170.8,2582.4,2847.6,2878.78378378378,3257.4,3505.8,1,47,"IMAG0047.JPG","IMAG0047.JPG",3648,2736,"2019:09:13 18:30:36"
"140",2584.2,2670.15,2745,2753.98421052632,2848.8,2966.4,2,47,"IMAG0047.JPG","IMAG0047.JPG",3648,2736,"2019:09:13 18:30:36"
"141",2808,2951.55,3021.9,3094.67837837838,3216.75,3588,3,47,"IMAG0047.JPG","IMAG0047.JPG",3648,2736,"2019:09:13 18:30:36"
"142",2375.4,2888.4,3093.6,3056.75675675676,3204.6,3888,1,48,"IMAG0048.JPG","IMAG0048.JPG",3648,2736,"2019:09:13 20:30:36"
"143",1574.4,1763.4,2001,2010.97894736842,2229.3,2550.6,2,48,"IMAG0048.JPG","IMAG0048.JPG",3648,2736,"2019:09:13 20:30:36"
"144",1258.2,1376.85,1477.5,1550.36756756757,1781.4,1932.6,3,48,"IMAG0048.JPG","IMAG0048.JPG",3648,2736,"2019:09:13 20:30:36"
"145",2337,2791.8,3020.4,2970.68108108108,3218.4,3523.8,1,49,"IMAG0049.JPG","IMAG0049.JPG",3648,2736,"2019:09:13 22:30:36"
"146",1273.2,1612.65,1712.1,1657.73684210526,1761.75,1891.2,2,49,"IMAG0049.JPG","IMAG0049.JPG",3648,2736,"2019:09:13 22:30:36"
"147",1641,1791,1959.3,2020.26486486486,2230.95,2436,3,49,"IMAG0049.JPG","IMAG0049.JPG",3648,2736,"2019:09:13 22:30:36"
"148",1960.8,2560.8,2800.8,2736.66486486486,2952.6,3355.2,1,50,"IMAG0050.JPG","IMAG0050.JPG",3648,2736,"2019:09:14 00:30:37"
"149",1832.4,1917,1986,1984.62631578947,2064.45,2123.4,2,50,"IMAG0050.JPG","IMAG0050.JPG",3648,2736,"2019:09:14 00:30:37"
"150",1462.2,1538.85,1596.6,1732.53243243243,1979.7,2204.4,3,50,"IMAG0050.JPG","IMAG0050.JPG",3648,2736,"2019:09:14 00:30:37"
"151",2692.8,3009.6,3088.2,3183.16216216216,3276,4006.8,1,51,"IMAG0051.JPG","IMAG0051.JPG",3648,2736,"2019:09:14 02:30:37"
"152",1416,1700.55,1821.6,1798.72105263158,1907.25,2257.8,2,51,"IMAG0051.JPG","IMAG0051.JPG",3648,2736,"2019:09:14 02:30:37"
"153",1489.2,1607.55,1669.8,1743.08918918919,1871.25,2160.6,3,51,"IMAG0051.JPG","IMAG0051.JPG",3648,2736,"2019:09:14 02:30:37"
"154",2427,2913,3084,3087.42162162162,3234.6,3810.6,1,52,"IMAG0052.JPG","IMAG0052.JPG",3648,2736,"2019:09:14 04:30:37"
"155",1499.4,1636.05,1695.3,1685.79473684211,1723.2,1836,2,52,"IMAG0052.JPG","IMAG0052.JPG",3648,2736,"2019:09:14 04:30:37"
"156",1276.8,1364.4,1459.5,1556.69189189189,1764,1971.6,3,52,"IMAG0052.JPG","IMAG0052.JPG",3648,2736,"2019:09:14 04:30:37"
"157",1887.6,2401.8,2941.8,2827.32972972973,3251.4,3607.8,1,53,"IMAG0053.JPG","IMAG0053.JPG",3648,2736,"2019:09:14 06:30:35"
"158",2651.4,2707.95,2837.7,2899.65789473684,3075.6,3284.4,2,53,"IMAG0053.JPG","IMAG0053.JPG",3648,2736,"2019:09:14 06:30:35"
"159",2797.2,2973.9,3156.9,3212.1,3378.15,4075.2,3,53,"IMAG0053.JPG","IMAG0053.JPG",3648,2736,"2019:09:14 06:30:35"
"160",2043.6,2344.2,2880,3029.83783783784,3809.4,4101,1,54,"IMAG0054.JPG","IMAG0054.JPG",3648,2736,"2019:09:14 08:30:35"
"161",2346,2491.35,2665.5,2654.22631578947,2826.45,2936.4,2,54,"IMAG0054.JPG","IMAG0054.JPG",3648,2736,"2019:09:14 08:30:35"
"162",2539.8,2925.75,3103.2,3196.16756756757,3383.1,4518.6,3,54,"IMAG0054.JPG","IMAG0054.JPG",3648,2736,"2019:09:14 08:30:35"
"163",3485.4,3839.4,3903.6,3880.68648648649,3996.6,4071,1,55,"IMAG0055.JPG","IMAG0055.JPG",3648,2736,"2019:09:14 10:30:35"
"164",2054.4,2213.85,2366.1,2393.52631578947,2645.1,2753.4,2,55,"IMAG0055.JPG","IMAG0055.JPG",3648,2736,"2019:09:14 10:30:35"
"165",1524.6,1564.35,2844.3,2577.08918918919,3183.15,3641.4,3,55,"IMAG0055.JPG","IMAG0055.JPG",3648,2736,"2019:09:14 10:30:35"
"166",2421.6,2641.8,2872.8,2897.87027027027,3134.4,3499.2,1,56,"IMAG0056.JPG","IMAG0056.JPG",3648,2736,"2019:09:14 12:30:36"
"167",2235.6,2633.55,2961.6,2828.7,3017.25,3117,2,56,"IMAG0056.JPG","IMAG0056.JPG",3648,2736,"2019:09:14 12:30:36"
"168",2091,2296.5,2424,2440.15135135135,2568.6,2898,3,56,"IMAG0056.JPG","IMAG0056.JPG",3648,2736,"2019:09:14 12:30:36"
"169",592.2,1119.6,2181,2018.04324324324,3027.6,3328.8,1,57,"IMAG0057.JPG","IMAG0057.JPG",3648,2736,"2019:09:14 14:30:36"
"170",2215.2,2671.95,2752.2,2693.84210526316,2846.4,3039,2,57,"IMAG0057.JPG","IMAG0057.JPG",3648,2736,"2019:09:14 14:30:36"
"171",2256.6,2563.8,2974.8,2893.01351351351,3143.7,3468.6,3,57,"IMAG0057.JPG","IMAG0057.JPG",3648,2736,"2019:09:14 14:30:36"
"172",2514,2874,3063.6,3098.85405405405,3305.4,3836.4,1,58,"IMAG0058.JPG","IMAG0058.JPG",3648,2736,"2019:09:14 16:30:35"
"173",2697.6,2798.55,3016.8,3005.49473684211,3208.95,3286.2,2,58,"IMAG0058.JPG","IMAG0058.JPG",3648,2736,"2019:09:14 16:30:35"
"174",2707.2,2973.9,3144.6,3142.50810810811,3325.35,3769.2,3,58,"IMAG0058.JPG","IMAG0058.JPG",3648,2736,"2019:09:14 16:30:35"
"175",2565,3015,3297.6,3220.28108108108,3365.4,3760.2,1,59,"IMAG0059.JPG","IMAG0059.JPG",3648,2736,"2019:09:14 18:30:36"
"176",2565.6,2875.95,3018,3017.60526315789,3178.05,3370.2,2,59,"IMAG0059.JPG","IMAG0059.JPG",3648,2736,"2019:09:14 18:30:36"
"177",2715.6,2967.15,3099.3,3134.88648648649,3320.55,3590.4,3,59,"IMAG0059.JPG","IMAG0059.JPG",3648,2736,"2019:09:14 18:30:36"
"178",2514,2791.8,3087,3067.83243243243,3230.4,3735,1,60,"IMAG0060.JPG","IMAG0060.JPG",3648,2736,"2019:09:14 20:30:37"
"179",1659,1780.05,1913.4,1962.22105263158,2033.4,2444.4,2,60,"IMAG0060.JPG","IMAG0060.JPG",3648,2736,"2019:09:14 20:30:37"
"180",1590,1701.6,1779.6,1813.78378378378,1859.4,2194.2,3,60,"IMAG0060.JPG","IMAG0060.JPG",3648,2736,"2019:09:14 20:30:37"
"181",2295.6,2758.8,2977.8,3087.01621621622,3447,4108.8,1,61,"IMAG0061.JPG","IMAG0061.JPG",3648,2736,"2019:09:14 22:30:36"
"182",1462.8,1707.45,1808.1,1774.24736842105,1835.4,2314.8,2,61,"IMAG0061.JPG","IMAG0061.JPG",3648,2736,"2019:09:14 22:30:36"
"183",1462.2,1575.75,1653.3,1665.3,1743.15,1896,3,61,"IMAG0061.JPG","IMAG0061.JPG",3648,2736,"2019:09:14 22:30:36"
"184",2607.6,2959.2,3312,3299.77297297297,3497.4,4106.4,1,62,"IMAG0062.JPG","IMAG0062.JPG",3648,2736,"2019:09:15 00:30:36"
"185",1534.2,1752.9,1820.1,1814.22631578947,1894.8,2025.6,2,62,"IMAG0062.JPG","IMAG0062.JPG",3648,2736,"2019:09:15 00:30:36"
"186",1432.2,1523.1,1658.4,1704.25945945946,1829.1,2190,3,62,"IMAG0062.JPG","IMAG0062.JPG",3648,2736,"2019:09:15 00:30:36"
"187",2476.8,2920.8,3066.6,3099.34054054054,3236.4,3858,1,63,"IMAG0063.JPG","IMAG0063.JPG",3648,2736,"2019:09:15 02:30:36"
"188",1424.4,1728.15,1771.8,1811.55789473684,1989.75,2097.6,2,63,"IMAG0063.JPG","IMAG0063.JPG",3648,2736,"2019:09:15 02:30:36"
"189",1233,1333.35,1383.3,1597.66216216216,1917,2261.4,3,63,"IMAG0063.JPG","IMAG0063.JPG",3648,2736,"2019:09:15 02:30:36"
"190",2597.4,2775.6,2968.8,3027.82702702703,3223.2,3717.6,1,64,"IMAG0064.JPG","IMAG0064.JPG",3648,2736,"2019:09:15 04:30:36"
"191",1147.2,1701.6,1827,1871.25789473684,2019.9,2601,2,64,"IMAG0064.JPG","IMAG0064.JPG",3648,2736,"2019:09:15 04:30:36"
"192",1495.8,1564.35,1670.4,1649.56216216216,1720.35,1812.6,3,64,"IMAG0064.JPG","IMAG0064.JPG",3648,2736,"2019:09:15 04:30:36"
"193",1778.4,2439,3061.8,2859.51891891892,3268.8,3517.8,1,65,"IMAG0065.JPG","IMAG0065.JPG",3648,2736,"2019:09:15 06:30:35"
"194",2478,2730.3,2798.1,2788.24736842105,2853.75,3058.2,2,65,"IMAG0065.JPG","IMAG0065.JPG",3648,2736,"2019:09:15 06:30:35"
"195",2680.2,2801.85,2993.1,3050.98378378378,3171.15,3906,3,65,"IMAG0065.JPG","IMAG0065.JPG",3648,2736,"2019:09:15 06:30:35"
"196",2436,2844.6,3511.2,3420.98918918919,4006.8,4413,1,66,"IMAG0066.JPG","IMAG0066.JPG",3648,2736,"2019:09:15 08:30:34"
"197",2434.2,2490.3,2529,2639.41578947368,2810.1,3055.8,2,66,"IMAG0066.JPG","IMAG0066.JPG",3648,2736,"2019:09:15 08:30:34"
"198",2467.2,2813.4,3171.9,3118.82432432432,3358.95,4149,3,66,"IMAG0066.JPG","IMAG0066.JPG",3648,2736,"2019:09:15 08:30:34"
"199",2814,3145.8,3217.8,3203.54594594595,3295.2,3463.8,1,67,"IMAG0067.JPG","IMAG0067.JPG",3648,2736,"2019:09:15 10:30:35"
"200",2074.8,2352.75,2498.4,2495.38421052632,2613.75,2927.4,2,67,"IMAG0067.JPG","IMAG0067.JPG",3648,2736,"2019:09:15 10:30:35"
"201",1490.4,1548.9,2885.7,2585.84594594595,3197.85,3685.8,3,67,"IMAG0067.JPG","IMAG0067.JPG",3648,2736,"2019:09:15 10:30:35"
"202",3084.6,3337.8,3409.2,3421.65405405405,3487.8,3727.2,1,68,"IMAG0068.JPG","IMAG0068.JPG",3648,2736,"2019:09:15 12:30:35"
"203",1941.6,2076.6,2468.1,2388.55263157895,2619.6,2842.2,2,68,"IMAG0068.JPG","IMAG0068.JPG",3648,2736,"2019:09:15 12:30:35"
"204",2351.4,2677.5,2820.3,2790.12162162162,2955,3078.6,3,68,"IMAG0068.JPG","IMAG0068.JPG",3648,2736,"2019:09:15 12:30:35"
"205",601.2,1280.4,2350.8,2138.38378378378,3037.8,3405.6,1,69,"IMAG0069.JPG","IMAG0069.JPG",3648,2736,"2019:09:15 14:30:35"
"206",2240.4,2356.65,2518.8,2555.08421052632,2751.9,3092.4,2,69,"IMAG0069.JPG","IMAG0069.JPG",3648,2736,"2019:09:15 14:30:35"
"207",2161.2,2875.05,3015.6,2992.45135135135,3178.35,3520.8,3,69,"IMAG0069.JPG","IMAG0069.JPG",3648,2736,"2019:09:15 14:30:35"
"208",2658,2986.8,3208.8,3314.31891891892,3640.8,3927,1,70,"IMAG0070.JPG","IMAG0070.JPG",3648,2736,"2019:09:15 16:30:35"
"209",2619,2775.9,2865.6,2868.39473684211,2994.6,3134.4,2,70,"IMAG0070.JPG","IMAG0070.JPG",3648,2736,"2019:09:15 16:30:35"
"210",2902.8,3043.5,3119.7,3205.60540540541,3358.8,3625.8,3,70,"IMAG0070.JPG","IMAG0070.JPG",3648,2736,"2019:09:15 16:30:35"
"211",2725.2,3021,3313.8,3281.57837837838,3586.2,3640.2,1,71,"IMAG0071.JPG","IMAG0071.JPG",3648,2736,"2019:09:15 18:30:36"
"212",1791.6,2096.55,2305.8,2290.68947368421,2460.15,2764.2,2,71,"IMAG0071.JPG","IMAG0071.JPG",3648,2736,"2019:09:15 18:30:36"
"213",2137.8,2415.6,2563.2,2559.22702702703,2730.6,2981.4,3,71,"IMAG0071.JPG","IMAG0071.JPG",3648,2736,"2019:09:15 18:30:36"
"214",1864.8,2659.2,2815.8,2847.53513513514,3157.2,3872.4,1,72,"IMAG0072.JPG","IMAG0072.JPG",3648,2736,"2019:09:15 20:30:36"
"215",1569,1950.6,2155.2,2107.27894736842,2296.05,2559.6,2,72,"IMAG0072.JPG","IMAG0072.JPG",3648,2736,"2019:09:15 20:30:36"
"216",1381.8,1565.25,1798.5,1906.37837837838,2310.3,2609.4,3,72,"IMAG0072.JPG","IMAG0072.JPG",3648,2736,"2019:09:15 20:30:36"
"217",2551.2,3000,3125.4,3122.14054054054,3258.6,3631.8,1,73,"IMAG0073.JPG","IMAG0073.JPG",3648,2736,"2019:09:15 22:30:36"
"218",1285.8,1494.45,1808.4,1719.66315789474,1905.75,2272.8,2,73,"IMAG0073.JPG","IMAG0073.JPG",3648,2736,"2019:09:15 22:30:36"
"219",1575.6,1707,1868.7,1936.37837837838,2068.35,2497.8,3,73,"IMAG0073.JPG","IMAG0073.JPG",3648,2736,"2019:09:15 22:30:36"
"220",2767.2,3068.4,3240.6,3305.96756756757,3437.4,4307.4,1,74,"IMAG0074.JPG","IMAG0074.JPG",3648,2736,"2019:09:16 00:30:37"
"221",1489.2,1614.9,1700.7,1772.98421052632,1889.85,2205,2,74,"IMAG0074.JPG","IMAG0074.JPG",3648,2736,"2019:09:16 00:30:37"
"222",1486.8,1560.15,1698,1739.94324324324,1895.7,2094,3,74,"IMAG0074.JPG","IMAG0074.JPG",3648,2736,"2019:09:16 00:30:37"
"223",2779.2,3079.2,3217.2,3333.94054054054,3597.6,4126.2,1,75,"IMAG0075.JPG","IMAG0075.JPG",3648,2736,"2019:09:16 02:30:37"
"224",1436.4,1673.85,2577,2387.30526315789,2964.6,3166.2,2,75,"IMAG0075.JPG","IMAG0075.JPG",3648,2736,"2019:09:16 02:30:37"
"225",1320,1435.65,1554.9,1631.48108108108,1828.65,2088.6,3,75,"IMAG0075.JPG","IMAG0075.JPG",3648,2736,"2019:09:16 02:30:37"
"226",2226.6,2945.4,3052.2,3037.31351351351,3317.4,3751.2,1,76,"IMAG0076.JPG","IMAG0076.JPG",3648,2736,"2019:09:16 04:30:36"
"227",1327.8,1669.95,1795.2,1784.22631578947,1903.8,2124,2,76,"IMAG0076.JPG","IMAG0076.JPG",3648,2736,"2019:09:16 04:30:36"
"228",1275,1356.45,1445.4,1487.75675675676,1649.25,1795.8,3,76,"IMAG0076.JPG","IMAG0076.JPG",3648,2736,"2019:09:16 04:30:36"
"229",1523.4,2041.2,2803.8,2670.11351351351,3108.6,3958.2,1,77,"IMAG0077.JPG","IMAG0077.JPG",3648,2736,"2019:09:16 06:30:35"
"230",2565.6,2780.25,3138.6,3123.6,3507.45,3573,2,77,"IMAG0077.JPG","IMAG0077.JPG",3648,2736,"2019:09:16 06:30:35"
"231",2169,2550.6,2609.7,2746.04594594595,3065.4,3517.8,3,77,"IMAG0077.JPG","IMAG0077.JPG",3648,2736,"2019:09:16 06:30:35"
"232",2199.6,2732.4,3232.2,3143.46486486486,3660.6,3874.2,1,78,"IMAG0078.JPG","IMAG0078.JPG",3648,2736,"2019:09:16 08:30:35"
"233",2221.2,2290.65,2413.5,2536.81578947368,2839.65,3049.2,2,78,"IMAG0078.JPG","IMAG0078.JPG",3648,2736,"2019:09:16 08:30:35"
"234",2901.6,3006,3100.2,3181.41081081081,3253.65,3999.6,3,78,"IMAG0078.JPG","IMAG0078.JPG",3648,2736,"2019:09:16 08:30:35"
"235",1201.8,1498.8,1965,2057.54594594595,2665.8,2864.4,1,79,"IMAG0079.JPG","IMAG0079.JPG",3648,2736,"2019:09:16 10:30:35"
"236",2088,2128.35,2215.2,2256.9,2368.2,2534.4,2,79,"IMAG0079.JPG","IMAG0079.JPG",3648,2736,"2019:09:16 10:30:35"
"237",1570.2,1898.25,2861.4,2602.72702702703,2988,3631.8,3,79,"IMAG0079.JPG","IMAG0079.JPG",3648,2736,"2019:09:16 10:30:35"
"238",837,1017.6,2314.2,1966.15135135135,2659.8,2778,1,80,"IMAG0080.JPG","IMAG0080.JPG",3648,2736,"2019:09:16 12:30:35"
"239",2040.6,2209.5,2541.3,2521.73684210526,2755.95,3249,2,80,"IMAG0080.JPG","IMAG0080.JPG",3648,2736,"2019:09:16 12:30:35"
"240",2179.2,2509.65,2703.6,2692.57297297297,2847.3,3342,3,80,"IMAG0080.JPG","IMAG0080.JPG",3648,2736,"2019:09:16 12:30:35"
"241",2698.8,2920.8,3098.4,3256.68648648649,3672.6,3884.4,1,81,"IMAG0081.JPG","IMAG0081.JPG",3648,2736,"2019:09:16 14:30:35"
"242",2262,2323.8,2434.8,2416.10526315789,2484.6,2665.8,2,81,"IMAG0081.JPG","IMAG0081.JPG",3648,2736,"2019:09:16 14:30:35"
"243",2668.8,2857.5,3045.6,3053.52162162162,3203.4,3519,3,81,"IMAG0081.JPG","IMAG0081.JPG",3648,2736,"2019:09:16 14:30:35"
"244",2342.4,2935.8,3192,3163.57297297297,3439.2,3745.2,1,82,"IMAG0082.JPG","IMAG0082.JPG",3648,2736,"2019:09:16 16:30:36"
"245",2675.4,2923.8,3012.9,2985.34736842105,3109.65,3193.2,2,82,"IMAG0082.JPG","IMAG0082.JPG",3648,2736,"2019:09:16 16:30:36"
"246",2779.2,2919,3025.8,3063.53513513514,3170.1,3475.2,3,82,"IMAG0082.JPG","IMAG0082.JPG",3648,2736,"2019:09:16 16:30:36"
"247",2668.8,2988,3153,3195.94054054054,3504.6,3657.6,1,83,"IMAG0083.JPG","IMAG0083.JPG",3648,2736,"2019:09:16 18:30:36"
"248",2287.8,2399.4,2447.1,2449.94210526316,2493.3,2842.8,2,83,"IMAG0083.JPG","IMAG0083.JPG",3648,2736,"2019:09:16 18:30:36"
"249",1895.4,2140.5,2325.9,2284.97027027027,2424.9,2611.2,3,83,"IMAG0083.JPG","IMAG0083.JPG",3648,2736,"2019:09:16 18:30:36"
"250",2562,2872.8,3000,3059.72432432432,3273.6,3818.4,1,84,"IMAG0084.JPG","IMAG0084.JPG",3648,2736,"2019:09:16 20:30:36"
"251",1459.2,1793.55,1833.6,1815.6,1888.05,2283,2,84,"IMAG0084.JPG","IMAG0084.JPG",3648,2736,"2019:09:16 20:30:36"
"252",1376.4,1583.85,1635.6,1641.6972972973,1698,1866,3,84,"IMAG0084.JPG","IMAG0084.JPG",3648,2736,"2019:09:16 20:30:36"
"253",2181.6,2859,3090.6,3068.10810810811,3354.6,3996.6,1,85,"IMAG0085.JPG","IMAG0085.JPG",3648,2736,"2019:09:16 22:30:36"
"254",1199.4,1601.7,1705.2,1645.27894736842,1763.85,1891.2,2,85,"IMAG0085.JPG","IMAG0085.JPG",3648,2736,"2019:09:16 22:30:36"
"255",1446.6,1641.15,1730.1,1839.41351351351,2060.85,2367.6,3,85,"IMAG0085.JPG","IMAG0085.JPG",3648,2736,"2019:09:16 22:30:36"
"256",2658,3169.8,3402.6,3437.07567567568,3777,4347.6,1,86,"IMAG0086.JPG","IMAG0086.JPG",3648,2736,"2019:09:17 00:30:36"
"257",1344,1658.4,1980.6,1897.51578947368,2105.4,2287.8,2,86,"IMAG0086.JPG","IMAG0086.JPG",3648,2736,"2019:09:17 00:30:36"
"258",1504.8,1643.4,1715.1,1706.83783783784,1773.45,1891.2,3,86,"IMAG0086.JPG","IMAG0086.JPG",3648,2736,"2019:09:17 00:30:36"
"259",2483.4,2957.4,3097.8,3260.01081081081,3567,4356.6,1,87,"IMAG0087.JPG","IMAG0087.JPG",3648,2736,"2019:09:17 02:30:37"
"260",1523.4,1567.5,1945.2,1844.88947368421,2007.6,2143.8,2,87,"IMAG0087.JPG","IMAG0087.JPG",3648,2736,"2019:09:17 02:30:37"
"261",1337.4,1546.5,1615.8,1619.69189189189,1690.65,1854,3,87,"IMAG0087.JPG","IMAG0087.JPG",3648,2736,"2019:09:17 02:30:37"
"262",2164.2,2697.6,3048,3053.4972972973,3388.2,4099.2,1,88,"IMAG0088.JPG","IMAG0088.JPG",3648,2736,"2019:09:17 04:30:37"
"263",1435.2,1633.05,1915.5,1853.73157894737,2000.85,2297.4,2,88,"IMAG0088.JPG","IMAG0088.JPG",3648,2736,"2019:09:17 04:30:37"
"264",1294.8,1469.55,1525.5,1608.86756756757,1789.05,2014.2,3,88,"IMAG0088.JPG","IMAG0088.JPG",3648,2736,"2019:09:17 04:30:37"
"265",1544.4,2022.6,2806.8,2687.83783783784,3171.6,3930,1,89,"IMAG0089.JPG","IMAG0089.JPG",3648,2736,"2019:09:17 06:30:35"
"266",2433.6,2516.55,2893.5,2914.02631578947,3257.4,3509.4,2,89,"IMAG0089.JPG","IMAG0089.JPG",3648,2736,"2019:09:17 06:30:35"
"267",2509.8,2622.75,2703,2861.31081081081,3160.2,3678,3,89,"IMAG0089.JPG","IMAG0089.JPG",3648,2736,"2019:09:17 06:30:35"
"268",2032.8,2667.6,2781,2742.21081081081,2869.8,3214.8,1,90,"IMAG0090.JPG","IMAG0090.JPG",3648,2736,"2019:09:17 08:30:35"
"269",2302.8,2446.5,2622.3,2841.61578947368,3329.4,3483,2,90,"IMAG0090.JPG","IMAG0090.JPG",3648,2736,"2019:09:17 08:30:35"
"270",2226.6,2479.05,2776.8,2834.69189189189,3057.3,3663,3,90,"IMAG0090.JPG","IMAG0090.JPG",3648,2736,"2019:09:17 08:30:35"
"271",1119,1337.4,1830.6,2101.08648648649,2373.6,4197,1,91,"IMAG0091.JPG","IMAG0091.JPG",3648,2736,"2019:09:17 10:20:42"
"272",2058.6,2206.2,2373.6,2360.28947368421,2514.75,2574.6,2,91,"IMAG0091.JPG","IMAG0091.JPG",3648,2736,"2019:09:17 10:20:42"
"273",1862.4,2027.4,2772.6,2546.80540540541,2896.65,3126,3,91,"IMAG0091.JPG","IMAG0091.JPG",3648,2736,"2019:09:17 10:20:42"
"274",688.8,1388.4,2130,2088.12972972973,2797.8,3329.4,1,92,"IMAG0092.JPG","IMAG0092.JPG",3648,2736,"2019:09:17 10:27:08"
"275",1969.2,2040.3,2065.2,2134.32631578947,2236.65,2438.4,2,92,"IMAG0092.JPG","IMAG0092.JPG",3648,2736,"2019:09:17 10:27:08"
"276",2605.2,2726.85,2793.3,2950.34594594595,3139.35,3726.6,3,92,"IMAG0092.JPG","IMAG0092.JPG",3648,2736,"2019:09:17 10:27:08"
"277",1308,1435.2,1635,1569.87567567568,1699.2,1728.6,1,93,"IMAG0093.JPG","IMAG0093.JPG",3648,2736,"2019:09:17 10:28:59"
"278",1894.2,2033.55,2084.4,2093.38421052632,2155.35,2236.2,2,93,"IMAG0093.JPG","IMAG0093.JPG",3648,2736,"2019:09:17 10:28:59"
"279",1651.8,1912.65,2076.9,2141.87837837838,2335.65,2922.6,3,93,"IMAG0093.JPG","IMAG0093.JPG",3648,2736,"2019:09:17 10:28:59"
"280",984,1220.4,1344,1456.84864864865,1612.8,2241.6,1,94,"IMAG0094.JPG","IMAG0094.JPG",3648,2736,"2019:09:17 10:30:32"
"281",1862.4,1942.65,1995.9,2034.28421052632,2036.55,2391.6,2,94,"IMAG0094.JPG","IMAG0094.JPG",3648,2736,"2019:09:17 10:30:32"
"282",2173.2,2405.7,2906.4,2799.61621621622,3065.4,3388.8,3,94,"IMAG0094.JPG","IMAG0094.JPG",3648,2736,"2019:09:17 10:30:32"
"283",723,929.4,1082.4,1286.85405405405,1683.6,2033.4,1,95,"IMAG0095.JPG","IMAG0095.JPG",3648,2736,"2019:09:17 12:30:35"
"284",2014.8,2061,2183.4,2300.96842105263,2493,2854.8,2,95,"IMAG0095.JPG","IMAG0095.JPG",3648,2736,"2019:09:17 12:30:35"
"285",1970.4,2464.95,2637.9,2629.21621621622,2728.95,3246,3,95,"IMAG0095.JPG","IMAG0095.JPG",3648,2736,"2019:09:17 12:30:35"
"286",1169.4,1816.8,2541,2591.85405405405,3484.8,3967.8,1,96,"IMAG0096.JPG","IMAG0096.JPG",3648,2736,"2019:09:17 14:30:35"
"287",2274.6,2427,2638.2,2618.77894736842,2775.75,3096.6,2,96,"IMAG0096.JPG","IMAG0096.JPG",3648,2736,"2019:09:17 14:30:35"
"288",1848.6,2317.05,2670.3,2645.98378378378,2896.8,3412.2,3,96,"IMAG0096.JPG","IMAG0096.JPG",3648,2736,"2019:09:17 14:30:35"
"289",2529,2947.8,3149.4,3219.11351351351,3567,3817.2,1,97,"IMAG0097.JPG","IMAG0097.JPG",3648,2736,"2019:09:17 16:30:35"
"290",3004.2,3141.9,3293.4,3283.89473684211,3414.3,3567,2,97,"IMAG0097.JPG","IMAG0097.JPG",3648,2736,"2019:09:17 16:30:35"
"291",2754,2966.1,3236.1,3188.47297297297,3415.35,3598.2,3,97,"IMAG0097.JPG","IMAG0097.JPG",3648,2736,"2019:09:17 16:30:35"
"292",2577.6,3009.6,3175.2,3149.05945945946,3367.8,3451.8,1,98,"IMAG0098.JPG","IMAG0098.JPG",3648,2736,"2019:09:17 18:30:37"
"293",2081.4,2168.4,2223.3,2259.52105263158,2326.65,2484.6,2,98,"IMAG0098.JPG","IMAG0098.JPG",3648,2736,"2019:09:17 18:30:37"
"294",1860,2028.9,2156.1,2177.4972972973,2302.65,2565.6,3,98,"IMAG0098.JPG","IMAG0098.JPG",3648,2736,"2019:09:17 18:30:37"
"295",2511.6,2968.2,3180.6,3169.73513513514,3321,3893.4,1,99,"IMAG0099.JPG","IMAG0099.JPG",3648,2736,"2019:09:17 20:30:36"
"296",1558.8,1821.6,1952.1,1908.9,1995.6,2458.8,2,99,"IMAG0099.JPG","IMAG0099.JPG",3648,2736,"2019:09:17 20:30:36"
"297",1550.4,1693.65,1781.1,1824.86756756757,2003.25,2160,3,99,"IMAG0099.JPG","IMAG0099.JPG",3648,2736,"2019:09:17 20:30:36"
"298",2650.2,3076.8,3226.2,3269.22162162162,3445.2,4179.6,1,100,"IMAG0100.JPG","IMAG0100.JPG",3648,2736,"2019:09:17 22:30:37"
"299",1299,1741.8,1906.2,1801.18421052632,1953.9,2064.6,2,100,"IMAG0100.JPG","IMAG0100.JPG",3648,2736,"2019:09:17 22:30:37"
"300",1309.2,1395.45,1643.1,1666.33783783784,1872.15,2137.2,3,100,"IMAG0100.JPG","IMAG0100.JPG",3648,2736,"2019:09:17 22:30:37"
"301",2544,2965.2,3121.2,3149.25405405405,3249,3871.2,1,101,"IMAG0101.JPG","IMAG0101.JPG",3648,2736,"2019:09:18 00:30:36"
"302",1419,1687.95,1770.9,1743.63157894737,1836,1930.2,2,101,"IMAG0101.JPG","IMAG0101.JPG",3648,2736,"2019:09:18 00:30:36"
"303",1623,1873.8,1971,2013.87567567568,2118.15,2542.2,3,101,"IMAG0101.JPG","IMAG0101.JPG",3648,2736,"2019:09:18 00:30:36"
"304",2405.4,3034.2,3148.8,3138.97297297297,3265.8,3963.6,1,102,"IMAG0102.JPG","IMAG0102.JPG",3648,2736,"2019:09:18 02:30:36"
"305",1451.4,1855.35,1982.4,1984.35789473684,2113.2,2521.8,2,102,"IMAG0102.JPG","IMAG0102.JPG",3648,2736,"2019:09:18 02:30:36"
"306",1390.8,1528.95,1631.4,1630.00540540541,1734.15,1857,3,102,"IMAG0102.JPG","IMAG0102.JPG",3648,2736,"2019:09:18 02:30:36"
"307",2534.4,2982.6,3222.6,3181.31351351351,3359.4,4248.6,1,103,"IMAG0103.JPG","IMAG0103.JPG",3648,2736,"2019:09:18 04:30:36"
"308",1464,1731.3,1775.1,1780.04210526316,1879.35,2143.2,2,103,"IMAG0103.JPG","IMAG0103.JPG",3648,2736,"2019:09:18 04:30:36"
"309",1482.6,1651.35,1812.3,1788.98108108108,1865.4,2283,3,103,"IMAG0103.JPG","IMAG0103.JPG",3648,2736,"2019:09:18 04:30:36"
"310",2719.8,2976,3202.2,3334.63783783784,3729.6,4362.6,1,104,"IMAG0104.JPG","IMAG0104.JPG",3648,2736,"2019:09:18 06:30:35"
"311",2659.8,2853.15,3030.6,3036.88421052632,3255,3334.8,2,104,"IMAG0104.JPG","IMAG0104.JPG",3648,2736,"2019:09:18 06:30:35"
"312",2700.6,2803.8,2972.7,3103.02162162162,3251.4,3957,3,104,"IMAG0104.JPG","IMAG0104.JPG",3648,2736,"2019:09:18 06:30:35"
"313",1650,1963.8,2112,2085.82702702703,2232,2357.4,1,105,"IMAG0105.JPG","IMAG0105.JPG",3648,2736,"2019:09:18 08:30:35"
"314",2449.2,2642.25,2760.6,2733.63157894737,2851.2,2949,2,105,"IMAG0105.JPG","IMAG0105.JPG",3648,2736,"2019:09:18 08:30:35"
"315",2326.8,2450.85,2593.2,2703.14594594595,2780.85,3856.2,3,105,"IMAG0105.JPG","IMAG0105.JPG",3648,2736,"2019:09:18 08:30:35"
"316",1377.6,1478.4,1579.2,1733.95135135135,1997.4,2296.2,1,106,"IMAG0106.JPG","IMAG0106.JPG",3648,2736,"2019:09:18 10:30:35"
"317",1909.8,2059.95,2159.4,2171.55789473684,2216.1,2712.6,2,106,"IMAG0106.JPG","IMAG0106.JPG",3648,2736,"2019:09:18 10:30:35"
"318",2124.6,2230.95,3146.7,2938.31351351351,3364.5,3637.2,3,106,"IMAG0106.JPG","IMAG0106.JPG",3648,2736,"2019:09:18 10:30:35"
"319",1949.4,2395.2,2685.6,2582.96756756757,2732.4,3147,1,107,"IMAG0107.JPG","IMAG0107.JPG",3648,2736,"2019:09:18 12:30:35"
"320",1875,2080.5,2244,2240.51052631579,2408.55,2642.4,2,107,"IMAG0107.JPG","IMAG0107.JPG",3648,2736,"2019:09:18 12:30:35"
"321",2025.6,2240.7,2359.2,2403.75405405405,2541.15,2922,3,107,"IMAG0107.JPG","IMAG0107.JPG",3648,2736,"2019:09:18 12:30:35"
"322",2108.4,2223.6,2575.8,2590.94594594595,2889,3476.4,1,108,"IMAG0108.JPG","IMAG0108.JPG",3648,2736,"2019:09:18 14:30:36"
"323",2682,2741.55,2785.5,2834.28947368421,2849.25,3486,2,108,"IMAG0108.JPG","IMAG0108.JPG",3648,2736,"2019:09:18 14:30:36"
"324",2339.4,2708.4,2977.8,2936.65945945946,3176.4,3407.4,3,108,"IMAG0108.JPG","IMAG0108.JPG",3648,2736,"2019:09:18 14:30:36"
"325",2026.2,2683.8,2954.4,2988.37297297297,3391.2,3972,1,109,"IMAG0109.JPG","IMAG0109.JPG",3648,2736,"2019:09:18 16:30:35"
"326",2410.8,2525.55,2599.2,2748.18947368421,3074.7,3284.4,2,109,"IMAG0109.JPG","IMAG0109.JPG",3648,2736,"2019:09:18 16:30:35"
"327",2578.2,2862.15,2999.4,2965.84864864865,3076.05,3259.2,3,109,"IMAG0109.JPG","IMAG0109.JPG",3648,2736,"2019:09:18 16:30:35"
"328",2208,2855.4,3136.2,3063.30810810811,3351,3633.6,1,110,"IMAG0110.JPG","IMAG0110.JPG",3648,2736,"2019:09:18 18:30:36"
"329",1786.8,2005.2,2071.8,2162.22631578947,2411.7,2566.8,2,110,"IMAG0110.JPG","IMAG0110.JPG",3648,2736,"2019:09:18 18:30:36"
"330",1753.2,1965.75,2148,2296.62162162162,2568.6,3066.6,3,110,"IMAG0110.JPG","IMAG0110.JPG",3648,2736,"2019:09:18 18:30:36"
"331",2300.4,2721,2935.2,3029.75675675676,3329.4,4149.6,1,111,"IMAG0111.JPG","IMAG0111.JPG",3648,2736,"2019:09:18 20:30:36"
"332",1222.8,1515.15,1802.4,1714.42105263158,1874.7,2247.6,2,111,"IMAG0111.JPG","IMAG0111.JPG",3648,2736,"2019:09:18 20:30:36"
"333",1530.6,1736.7,1807.5,1803.37297297297,1882.35,2078.4,3,111,"IMAG0111.JPG","IMAG0111.JPG",3648,2736,"2019:09:18 20:30:36"
"334",2684.4,3088.2,3235.2,3308.25405405405,3520.2,4147.8,1,112,"IMAG0112.JPG","IMAG0112.JPG",3648,2736,"2019:09:18 22:30:36"
"335",1332.6,1716.9,1795.8,1780.24736842105,1955.1,2052.6,2,112,"IMAG0112.JPG","IMAG0112.JPG",3648,2736,"2019:09:18 22:30:36"
"336",1450.8,1525.8,1824.9,1847.46486486486,2137.05,2386.8,3,112,"IMAG0112.JPG","IMAG0112.JPG",3648,2736,"2019:09:18 22:30:36"
"337",2506.2,2851.8,3050.4,3154.23243243243,3478.8,4299.6,1,113,"IMAG0113.JPG","IMAG0113.JPG",3648,2736,"2019:09:19 00:30:36"
"338",1548,1910.1,1995.3,1978.15263157895,2039.25,2604.6,2,113,"IMAG0113.JPG","IMAG0113.JPG",3648,2736,"2019:09:19 00:30:36"
"339",1509,1659.6,1758,1839.05675675676,2026.65,2311.2,3,113,"IMAG0113.JPG","IMAG0113.JPG",3648,2736,"2019:09:19 00:30:36"
"340",2658.6,3030.6,3159,3261.55135135135,3460.8,4344,1,114,"IMAG0114.JPG","IMAG0114.JPG",3648,2736,"2019:09:19 02:30:37"
"341",1414.8,1824.15,1888.5,1860.80526315789,1936.8,2447.4,2,114,"IMAG0114.JPG","IMAG0114.JPG",3648,2736,"2019:09:19 02:30:37"
"342",1480.2,1638,1755.9,1721.4,1790.55,1891.2,3,114,"IMAG0114.JPG","IMAG0114.JPG",3648,2736,"2019:09:19 02:30:37"
"343",1672.2,1799.4,1888.2,1957.44324324324,2184,2289.6,1,115,"IMAG0115.JPG","IMAG0115.JPG",3648,2736,"2019:09:19 04:30:36"
"344",1118.4,1333.8,1691.4,1641.12631578947,1831.35,2358,2,115,"IMAG0115.JPG","IMAG0115.JPG",3648,2736,"2019:09:19 04:30:36"
"345",1302,1545,1665.9,1663.1027027027,1738.5,2103,3,115,"IMAG0115.JPG","IMAG0115.JPG",3648,2736,"2019:09:19 04:30:36"
"346",2442,2854.8,3157.2,3194.05945945946,3382.8,4374,1,116,"IMAG0116.JPG","IMAG0116.JPG",3648,2736,"2019:09:19 06:30:35"
"347",2485.8,2654.1,2835,2875.62631578947,3140.55,3258.6,2,116,"IMAG0116.JPG","IMAG0116.JPG",3648,2736,"2019:09:19 06:30:35"
"348",2568,2820.6,2974.2,3014.61891891892,3211.65,3667.8,3,116,"IMAG0116.JPG","IMAG0116.JPG",3648,2736,"2019:09:19 06:30:35"
"349",2113.8,2697,2904.6,2802.85945945946,2935.8,3163.2,1,117,"IMAG0117.JPG","IMAG0117.JPG",3648,2736,"2019:09:19 08:30:35"
"350",2499,2745,2888.7,2989.78421052632,3301.2,3445.2,2,117,"IMAG0117.JPG","IMAG0117.JPG",3648,2736,"2019:09:19 08:30:35"
"351",2652.6,2827.5,3012.9,3100.02972972973,3075.15,4625.4,3,117,"IMAG0117.JPG","IMAG0117.JPG",3648,2736,"2019:09:19 08:30:35"
"352",1729.2,1836.6,2406.6,2458.65405405405,2949.6,3454.2,1,118,"IMAG0118.JPG","IMAG0118.JPG",3648,2736,"2019:09:19 10:20:14"
"353",2785.8,2968.2,3065.1,3075.97894736842,3216.15,3316.8,2,118,"IMAG0118.JPG","IMAG0118.JPG",3648,2736,"2019:09:19 10:20:14"
"354",2537.4,2780.1,3064.5,3036.94864864865,3229.8,3699,3,118,"IMAG0118.JPG","IMAG0118.JPG",3648,2736,"2019:09:19 10:20:14"
"355",1596.6,1666.2,1799.4,1912.11891891892,1999.2,2783.4,1,119,"IMAG0119.JPG","IMAG0119.JPG",3648,2736,"2019:09:19 10:24:58"
"356",2023.2,2087.55,2157.9,2211.31578947368,2322.6,2662.2,2,119,"IMAG0119.JPG","IMAG0119.JPG",3648,2736,"2019:09:19 10:24:58"
"357",1674.6,2495.7,2876.1,2797.5,3270.15,3838.2,3,119,"IMAG0119.JPG","IMAG0119.JPG",3648,2736,"2019:09:19 10:24:58"
"358",1135.8,1308,1467.6,1470.77837837838,1616.4,1798.8,1,120,"IMAG0120.JPG","IMAG0120.JPG",3648,2736,"2019:09:19 10:30:36"
"359",1805.4,2001.3,2085.6,2060.25789473684,2118.75,2232.6,2,120,"IMAG0120.JPG","IMAG0120.JPG",3648,2736,"2019:09:19 10:30:36"
"360",1559.4,1651.2,2014.5,1955.47297297297,2177.85,2461.8,3,120,"IMAG0120.JPG","IMAG0120.JPG",3648,2736,"2019:09:19 10:30:36"
"361",578.4,1513.8,2277.6,2090.85405405405,2472.6,3656.4,1,121,"IMAG0121.JPG","IMAG0121.JPG",3648,2736,"2019:09:19 12:14:27"
"362",1995.6,2014.95,2037.6,2063.44736842105,2106.15,2205,2,121,"IMAG0121.JPG","IMAG0121.JPG",3648,2736,"2019:09:19 12:14:27"
"363",1888.8,2200.35,2222.7,2227.09459459459,2286.15,2440.8,3,121,"IMAG0121.JPG","IMAG0121.JPG",3648,2736,"2019:09:19 12:14:27"
"364",703.8,1327.2,2239.2,1937.09189189189,2568.6,2802.6,1,122,"IMAG0122.JPG","IMAG0122.JPG",3648,2736,"2019:09:19 12:14:42"
"365",1937.4,2007.3,2092.8,2069.02105263158,2133.45,2144.4,2,122,"IMAG0122.JPG","IMAG0122.JPG",3648,2736,"2019:09:19 12:14:42"
"366",2298.6,2692.8,2841.9,2851.96216216216,3096.75,3227.4,3,122,"IMAG0122.JPG","IMAG0122.JPG",3648,2736,"2019:09:19 12:14:42"
"367",601.8,948.6,2217,1923.58378378378,2724,3040.2,1,123,"IMAG0123.JPG","IMAG0123.JPG",3648,2736,"2019:09:19 12:15:10"
"368",1941.6,2245.2,2528.4,2487.77368421053,2653.2,3469.2,2,123,"IMAG0123.JPG","IMAG0123.JPG",3648,2736,"2019:09:19 12:15:10"
"369",1606.8,2433,2733,2578.56486486486,2858.4,3213,3,123,"IMAG0123.JPG","IMAG0123.JPG",3648,2736,"2019:09:19 12:15:10"
"370",494.4,1312.8,1942.8,1765.39459459459,2342.4,2464.2,1,124,"IMAG0124.JPG","IMAG0124.JPG",3648,2736,"2019:09:19 12:15:31"
"371",1923,2030.25,2150.1,2276.16315789474,2390.25,3286.2,2,124,"IMAG0124.JPG","IMAG0124.JPG",3648,2736,"2019:09:19 12:15:31"
"372",1579.2,2156.4,2589.9,2439.5027027027,2740.5,3021,3,124,"IMAG0124.JPG","IMAG0124.JPG",3648,2736,"2019:09:19 12:15:31"
"373",685.2,1389.6,2031,1895.51351351351,2571.6,2806.2,1,125,"IMAG0125.JPG","IMAG0125.JPG",3648,2736,"2019:09:19 12:15:52"
"374",1992.6,2222.7,2297.7,2470.40526315789,2616.15,3619.8,2,125,"IMAG0125.JPG","IMAG0125.JPG",3648,2736,"2019:09:19 12:15:52"
"375",1750.8,2068.05,2455.5,2507.20540540541,2891.1,3210,3,125,"IMAG0125.JPG","IMAG0125.JPG",3648,2736,"2019:09:19 12:15:52"
"376",652.2,1277.4,1890.6,1754.15675675676,2323.2,2457,1,126,"IMAG0126.JPG","IMAG0126.JPG",3648,2736,"2019:09:19 12:16:05"
"377",1825.8,1987.8,2067,2197.35789473684,2173.65,3368.4,2,126,"IMAG0126.JPG","IMAG0126.JPG",3648,2736,"2019:09:19 12:16:05"
"378",1802.4,2266.8,2640.9,2556.36486486487,2852.7,3118.2,3,126,"IMAG0126.JPG","IMAG0126.JPG",3648,2736,"2019:09:19 12:16:05"
"379",613.2,1308,2128.8,1883.91891891892,2481,2775,1,127,"IMAG0127.JPG","IMAG0127.JPG",3648,2736,"2019:09:19 12:16:25"
"380",2014.8,2178.15,2262.9,2388.50526315789,2450.85,3377.4,2,127,"IMAG0127.JPG","IMAG0127.JPG",3648,2736,"2019:09:19 12:16:25"
"381",1553.4,2128.5,2510.7,2507.43243243243,2966.1,3161.4,3,127,"IMAG0127.JPG","IMAG0127.JPG",3648,2736,"2019:09:19 12:16:25"
"382",705.6,1174.8,2244,1984.84864864865,2635.8,3104.4,1,128,"IMAG0128.JPG","IMAG0128.JPG",3648,2736,"2019:09:19 12:16:46"
"383",1987.8,2392.05,2594.1,2682.18947368421,2978.7,3640.2,2,128,"IMAG0128.JPG","IMAG0128.JPG",3648,2736,"2019:09:19 12:16:46"
"384",1111.8,1264.2,1316.7,1302.77027027027,1357.35,1446,3,128,"IMAG0128.JPG","IMAG0128.JPG",3648,2736,"2019:09:19 12:16:46"
